"Address","Content Type","Status Code","Status","Indexability","Indexability Status","Inlinks","Response Time","Redirect URL","Redirect Type"
"https://draincleaningnaplesflorida.com/shower-tub-drain-clog","text/html; charset=utf-8","404","Not Found","Non-Indexable","Client Error","1","0.697","",""
"https://draincleaningnaplesflorida.com/pipe-blockage","text/html; charset=utf-8","404","Not Found","Non-Indexable","Client Error","1","0.808","",""
"https://draincleaningnaplesflorida.com/drain-pipe-repair","text/html; charset=utf-8","404","Not Found","Non-Indexable","Client Error","1","0.065","",""
"https://draincleaningnaplesflorida.com/drain-cleaning-clogged-ground-drain","text/html; charset=utf-8","404","Not Found","Non-Indexable","Client Error","1","0.068","",""
"https://draincleaningnaplesflorida.com/mainline-drain-cleaning","text/html; charset=utf-8","404","Not Found","Non-Indexable","Client Error","1","0.206","",""
"https://draincleaningnaplesflorida.com/assets/images/gen/kitchen-sink-drain-clog-3f3133e0.webp","text/html; charset=utf-8","404","Not Found","Non-Indexable","Client Error","0","0.194","",""
"https://draincleaningnaplesflorida.com/drain-cleaning-abc","text/html; charset=utf-8","404","Not Found","Non-Indexable","Client Error","10","0.256","",""
"https://draincleaningnaplesflorida.com/commercial-drain-service","text/html; charset=utf-8","404","Not Found","Non-Indexable","Client Error","2","0.360","",""
"https://draincleaningnaplesflorida.com/french-drain-service","text/html; charset=utf-8","404","Not Found","Non-Indexable","Client Error","1","0.580","",""
